component	candidate_space	contributor_space	retained_state	evicted_state	CCR_or_slope	execution_frequency	correctness_evidence	status
waveform/pre-emphasis	full supplied waveform replay	new samples + previous sample + alignment	previous sample; sample cursor	old samples after last future-dependent frame	~session_samples/512 for local frame work	per sample/frame	SOURCE + calculated local frontier	blocked downstream by normalization
STFT/mel	all frames from waveform[0:N]	one 512-sample window + 352-sample overlap + phase	window overlap; hop cursor; center padding	older samples outside future windows	~session_frames per newly authorized frame	one frame per hop	SOURCE + calculated local frontier	blocked downstream by normalization
per-feature normalization	all z[m,0:L] for every y[m,j]	all session frames 0:L-1	global mean/variance state grows with session	none under exact semantics	~1 for exact current contract	one normalization per output frame	SOURCE proof: unbounded future contributors
subsample-1	dense stage-1 prefix rows	rows [2i-2,2i] for productive i	two temporal rows + stride phase	older rows outside next kernel	~stage1_prefix/3 per emitted row	one output per 2 input rows	calculated residue map	derivable, not implemented
subsample-2	dense stage-2 prefix rows	stage-1 rows [2j-2,2j]	two temporal rows + stride phase	older rows outside next kernel	~stage2_prefix/3 per emitted row	one output per 2 stage-1 rows	calculated residue map	derivable, not implemented
subsample-3	dense stage-3 prefix rows	stage-2 rows [2k-2,2k]	two temporal rows + stride phase	older rows outside next kernel	~stage3_prefix/3 per emitted row	one output per 2 stage-2 rows	calculated residue map	derivable, not implemented
attention history	full encoder prefix	current query + last 70 K/V per layer	24 layer K/V caches capped at 70	oldest K/V frame on eviction	growing-prefix to bounded	one encoder step per 80ms	D2-S1 exact downstream traces	PASS
causal convolution	full encoder prefix	current frame + last 8 values/layer	24 x 8 x 1024 state	oldest conv value	growing-prefix to bounded	one encoder step per 80ms	D2-S1 exact downstream traces	PASS
projection	all encoder output rows	current encoder output row	no temporal state	prior row	bounded	one encoder step per 80ms	D2-S1 exact downstream traces	PASS
